Player,School,Position,recruiting_rating,recruiting_stars,recruiting_rank,source,match_found
Richie Leonard IV,Florida State,OL,0.9997,5.0,1.0,cfbd_2024,True
Caziah Holmes,Florida State,RB,0.9997,5.0,1.0,cfbd_2024,True
Luke Petitbon,Florida State,OL,0.92,4.0,,transfer_portal,True
Gavin Blackwell,Florida State,WR,0.85,3.0,,transfer_portal,True
Adrian Medley,Florida State,OL,0.88,3.0,,transfer_portal,True
Micah Pettus,Florida State,OL,0.91,4.0,,transfer_portal,True
Bryson Estes,Florida State,OL,0.9997,5.0,1.0,cfbd_2024,True
Markeston Douglas,Florida State,TE,0.86,3.0,,transfer_portal,True
Darrell Jackson Jr.,Florida State,DL,0.9997,5.0,1.0,cfbd_2024,True
Stefon Thompson,Florida State,LB,0.86,3.0,,transfer_portal,True
Earl Little Jr.,Florida State,DB,0.9997,5.0,1.0,cfbd_2024,True
Daniel Lyons,Florida State,DL,0.9997,5.0,1.0,cfbd_2024,True
Gavin Sawchuk,Florida State,RB,0.87,3.0,,transfer_portal,True
Roydell Williams,Florida State,RB,0.9997,5.0,1.0,cfbd_2024,True
Gunnar Hansen,Florida State,OL,0.86,3.0,,transfer_portal,True
Deamontae Diggs,Florida State,DL,0.9,4.0,,transfer_portal,True
Jacob Rizy,Florida State,OL,0.9997,5.0,1.0,cfbd_2024,True
Elijah Herring,Florida State,LB,0.86,3.0,,transfer_portal,True
Shyheim Brown,Florida State,DB,0.9997,5.0,1.0,cfbd_2024,True
Tommy Castellanos,Florida State,QB,0.9997,5.0,1.0,cfbd_2024,True
Omar Graham Jr.,Florida State,LB,,3.0,,transfer_portal,True
Jeremiah Wilson,Florida State,DB,0.9997,5.0,1.0,cfbd_2024,True
AJ Cottrill,Florida State,LB,0.9997,5.0,1.0,cfbd_2024,True
Deante McCray,Florida State,DL,0.87,3.0,,transfer_portal,True
Conrad Hussey,Florida State,DB,0.9997,5.0,1.0,cfbd_2024,True
Edwin Joseph,Florida State,DB,0.9997,5.0,1.0,cfbd_2024,True
Duce Robinson,Florida State,WR,0.95,4.0,,transfer_portal,True
Lucas Simmons,Florida State,OL,0.9997,5.0,1.0,cfbd_2024,True
Randy Pittman Jr.,Florida State,TE,0.85,3.0,,transfer_portal,True
Samuel Singleton Jr.,Florida State,RB,0.9997,5.0,1.0,cfbd_2024,True
KJ Sampson,Florida State,DL,0.9997,5.0,1.0,cfbd_2024,True
Jaylin Lucas,Florida State,RB,0.9997,5.0,1.0,cfbd_2024,True
K.J. Kirkland,Florida State,DB,0.9997,5.0,1.0,cfbd_2024,True
Blake Nichelson,Florida State,LB,0.9997,5.0,1.0,cfbd_2024,True
Mason Arnold,Florida State,LS,0.9997,5.0,1.0,cfbd_2024,True
Justin Cryer,Florida State,LB,0.9997,5.0,1.0,cfbd_2024,True
Brock Glenn,Florida State,QB,0.9997,5.0,1.0,cfbd_2024,True
Caleb LaVallee,Florida State,LB,0.84,3.0,,transfer_portal,True
Quindarrius Jones,Florida State,DB,0.9997,5.0,1.0,cfbd_2024,True
Jonathan Daniels,Florida State,OL,0.9239,4.0,188.0,cfbd_2024,True
Kam Davis,Florida State,RB,0.9523,4.0,98.0,cfbd_2024,True
Jamorie Flagg,Florida State,DL,0.8686,3.0,954.0,cfbd_2024,True
Camdon Frier,Florida State,WR,0.89,3.0,479.0,cfbd_2024,True
BJ Gibson,Florida State,WR,0.895,4.0,407.0,cfbd_2024,True
Jamari Howard,Florida State,DB,0.9495,4.0,110.0,cfbd_2024,True
Elijah Moore,Florida State,WR,0.9285,4.0,172.0,cfbd_2024,True
Charles Lester III,Florida State,DB,0.9748,4.0,54.0,cfbd_2024,True
Landen Thomas,Florida State,TE,0.951,4.0,103.0,cfbd_2024,True
Christian White,Florida State,DB,0.9997,5.0,1.0,cfbd_2024,True
Mac Chiumento,Florida State,P,0.9997,5.0,1.0,cfbd_2024,True
Squirrel White,Florida State,WR,0.9,4.0,,transfer_portal,True
Jayson Jenkins,Florida State,DL,0.91,4.0,,transfer_portal,True
Jarvis Boatwright Jr.,Florida State,DB,0.85,3.0,,transfer_portal,True
Cai Bates,Florida State,DB,0.9547,4.0,92.0,cfbd_2024,True
Ja'Bril Rawls,Florida State,DB,0.9997,5.0,1.0,cfbd_2024,True
Lawayne McCoy,Florida State,WR,0.9268,4.0,177.0,cfbd_2024,True
Micahi Danzy,Florida State,WR,0.9149,4.0,238.0,cfbd_2024,True
Peyton Naylor,Florida State,LS,0.9997,5.0,1.0,cfbd_2024,True
Manasse Itete,Florida State,OL,0.8985,4.0,378.0,cfbd_2024,True
Jake Weinberg,Florida State,PK,0.8236,3.0,2220.0,cfbd_2024,True
Ricky Knight III,Florida State,DB,0.9,4.0,361.0,cfbd_2024,True
Jayden Parrish,Florida State,LB,0.8778,3.0,700.0,cfbd_2024,True
Shamar Arnoux,Florida State,DB,0.9997,5.0,1.0,cfbd_2024,True
Ousmane Kromah,Florida State,RB,0.9997,5.0,1.0,cfbd_2024,True
Max Redmon,Florida State,DB,0.9997,5.0,1.0,cfbd_2024,True
Kevin Sperry,Florida State,QB,0.9997,5.0,1.0,cfbd_2024,True
Amaree Williams,Florida State,TE,0.9201,4.0,209.0,cfbd_2024,True
Chavez Thompson,Florida State,OL,0.9997,5.0,1.0,cfbd_2024,True
Josh Raymond,Florida State,OL,0.85,3.0,,transfer_portal,True
Tye Hylton,Florida State,OL,0.8769,3.0,715.0,cfbd_2024,True
Michael Grant,Florida State,QB,0.9997,5.0,1.0,cfbd_2024,True
Jaden Jones,Florida State,DL,0.9997,5.0,1.0,cfbd_2024,True
Ashlynd Barker,Florida State,DB,0.9997,5.0,1.0,cfbd_2024,True
Ashton Bracewell,Florida State,LB,0.9997,5.0,1.0,cfbd_2024,True
Donny Hiebert,Florida State,DB,0.9997,5.0,1.0,cfbd_2024,True
Brandon Torres,Florida State,LB,0.9997,5.0,1.0,cfbd_2024,True
Andre Otto,Florida State,OL,0.9997,5.0,1.0,cfbd_2024,True
Grant Fielder,Florida State,DL,0.9997,5.0,1.0,cfbd_2024,True
Jaylen King,Florida State,QB,0.84,3.0,,transfer_portal,True
Kevin Wynn,Florida State,DL,0.9997,5.0,1.0,cfbd_2024,True
Jayden Todd,Florida State,OL,0.9997,5.0,1.0,cfbd_2024,True
James Williams,Florida State,DL,0.92,4.0,,transfer_portal,True
Chase Loftin,Florida State,TE,0.9997,5.0,1.0,cfbd_2024,True
Jayvan Boggs,Florida State,WR,0.9997,5.0,1.0,cfbd_2024,True
Mario Nash Jr.,Florida State,OL,0.9997,5.0,1.0,cfbd_2024,True
Darryll Desir,Florida State,DL,0.9997,5.0,1.0,cfbd_2024,True
Mandrell Desir,Florida State,DL,0.9997,5.0,1.0,cfbd_2024,True
Tylon Lee,Florida State,DL,0.9997,5.0,1.0,cfbd_2024,True
Chastan Brown,Florida State,OL,0.9997,5.0,1.0,cfbd_2024,True
Jesse Harrold,Florida State,DL,0.9997,5.0,1.0,cfbd_2024,True
Tae'Shaun Gelsey,Florida State,WR,0.9997,5.0,1.0,cfbd_2024,True
Teriq Mallory,Florida State,WR,0.9997,5.0,1.0,cfbd_2024,True
Sean Poret,Florida State,OL,0.9997,5.0,1.0,cfbd_2024,True
Brunno Reus,Florida State,P,0.9997,5.0,1.0,cfbd_2024,True
Zay Parks,Florida State,RB,0.9997,5.0,1.0,cfbd_2024,True
Jeremiah Johnson,Florida State,RB,0.9997,5.0,1.0,cfbd_2024,True
Gav Holman,Florida State,LB,0.9997,5.0,1.0,cfbd_2024,True
Luke Douglas,Florida State,TE,0.9997,5.0,1.0,cfbd_2024,True
Willy Suarez,Florida State,WR,0.9997,5.0,1.0,cfbd_2024,True
Antonio Cromartie Jr.,Florida State,DB,0.9997,5.0,1.0,cfbd_2024,True
Gavin Markey,Florida State,QB,0.9997,5.0,1.0,cfbd_2024,True
Zae Thomas,Florida State,DB,0.9997,5.0,1.0,cfbd_2024,True
Ethan Pritchard,Florida State,LB,0.9997,5.0,1.0,cfbd_2024,True
Ethan Post,Florida State,P,0.9997,5.0,1.0,cfbd_2024,True
Alex Nocco,Florida State,LS,0.9997,5.0,1.0,cfbd_2024,True
Ja'Elyne Matthews,Florida State,OL,0.86,3.0,,transfer_portal,True
Greyson Labiad,Florida State,TE,0.9997,5.0,1.0,cfbd_2024,True
Tyeland Coleman,Florida State,DL,0.9997,5.0,1.0,cfbd_2024,True
