position,year,social_followers
QB,4,28000
QB,3,18000
QB,2,9000
QB,1,5000
WR,4,22000
WR,3,16000
WR,2,8000
WR,1,4500
RB,4,18000
RB,3,14000
RB,2,7000
RB,1,4000
DL,4,14000
DL,3,10000
DL,2,6000
DL,1,3500
DB,4,12000
DB,3,9000
DB,2,5500
DB,1,3000
OL,4,10000
OL,3,7500
OL,2,4500
OL,1,2500
TE,4,11000
TE,3,8000
TE,2,5000
TE,1,3000
